Patient ID,Genomic Coordinates,Ref,Alt,Gene,Variant Change,Transcript,Variant Protein,Zygosity,Allele Frequency,ClassificationOverall,Reason,Analyst comment
08_23-1776024_CS20230807_v1,16:16197959-16197959 (GRCH38),G,C,ABCC6,g.16197959-16197959,nan,nan,HETEROZYGOTE,0.714286,Assess further,Potential Couple at Risk,
09_23-1776031_CS20230807_v1,16:16197959-16197959 (GRCH38),G,C,ABCC6,g.16197959-16197959,nan,nan,HETEROZYGOTE,0.791667,Assess further,Potential Couple at Risk,
08_23-1776024_CS20230807_v1,11:108325985-108325988 (GRCH38),CATT,C,ATM,c.6808-60_6808-58delATT,NM_000051.3,nan,HOMOZYGOTE,1,Assess further,Potential Affected (HOM),
08_23-1776024_CS20230807_v1,11:108258704-108259132 (GRCH38),-,<CNV>,ATM,g.108258704-108259132 LOSS,nan,nan,nan,2,Suspected pathogenic,Potential Affected (COMPHET),
08_23-1776024_CS20230807_v1,11:108279480-108279481 (GRCH38),CT,C,ATM,c.3285-9delT,NM_000051.3,nan,HETEROZYGOTE,0.457143,Assess further,Potential Affected (COMPHET),
08_23-1776024_CS20230807_v1,11:108325985-108325988 (GRCH38),CATT,C,ATM,c.6808-60_6808-58delATT,NM_000051.3,nan,HOMOZYGOTE,1,Assess further,Potential Affected (COMPHET),
08_23-1776024_CS20230807_v1,11:108258704-108259132 (GRCH38),-,<CNV>,ATM,g.108258704-108259132 LOSS,nan,nan,nan,2,Suspected pathogenic,Potential Additional Finding,
08_23-1776024_CS20230807_v1,11:108279480-108279481 (GRCH38),CT,C,ATM,c.3285-9delT,NM_000051.3,nan,HETEROZYGOTE,0.457143,Assess further,Potential Additional Finding,
08_23-1776024_CS20230807_v1,11:108325985-108325988 (GRCH38),CATT,C,ATM,c.6808-60_6808-58delATT,NM_000051.3,nan,HOMOZYGOTE,1,Assess further,Potential Additional Finding,
08_23-1776024_CS20230807_v1,11:108325985-108325988 (GRCH38),CATT,C,ATM,c.6808-60_6808-58delATT,NM_000051.3,nan,HOMOZYGOTE,1,Assess further,Potential Couple at Risk,
09_23-1776031_CS20230807_v1,11:108325985-108325988 (GRCH38),CATT,C,ATM,c.6808-60_6808-58delATT,NM_000051.3,nan,HETEROZYGOTE,0.470886,Assess further,Potential Additional Finding,
09_23-1776031_CS20230807_v1,11:108325985-108325988 (GRCH38),CATT,C,ATM,c.6808-60_6808-58delATT,NM_000051.3,nan,HETEROZYGOTE,0.470886,Assess further,Potential Couple at Risk,
08_23-1776024_CS20230807_v1,X:77988839-77988839 (GRCH38),G,A,ATP7A,g.77988839G>A,NC_000023.11,nan,HETEROZYGOTE,0.485,Assess further,Potential X-linked,
08_23-1776024_CS20230807_v1,7:33635227-33635228 (GRCH38),TC,T,BBS9,g.33635227-33635228,nan,nan,HOMOZYGOTE,1,Assess further,Potential Affected (HOM),
08_23-1776024_CS20230807_v1,7:33635227-33635228 (GRCH38),TC,T,BBS9,g.33635227-33635228,nan,nan,HOMOZYGOTE,1,Assess further,Potential Couple at Risk,
09_23-1776031_CS20230807_v1,7:33635227-33635228 (GRCH38),TC,T,BBS9,g.33635227-33635228,nan,nan,HOMOZYGOTE,1,Assess further,Potential Affected (HOM),
09_23-1776031_CS20230807_v1,7:33635227-33635228 (GRCH38),TC,T,BBS9,g.33635227-33635228,nan,nan,HOMOZYGOTE,1,Assess further,Potential Couple at Risk,
09_23-1776031_CS20230807_v1,6:80171406-80171406 (GRCH38),A,G,BCKDHB,c.742+16A>G,NM_183050.3,nan,HETEROZYGOTE,0.474419,Assess further,Potential Affected (COMPHET),
09_23-1776031_CS20230807_v1,6:80171460-80171460 (GRCH38),A,G,BCKDHB,g.80171460-80171460,nan,nan,HETEROZYGOTE,0.46789,Assess further,Potential Affected (COMPHET),
08_23-1776024_CS20230807_v1,12:88084539-88084540 (GRCH38),TA,T,CEP290,c.4704+46delT,NM_025114.3,nan,HOMOZYGOTE,1,Assess further,Potential Affected (HOM),
08_23-1776024_CS20230807_v1,12:88129046-88129046 (GRCH38),A,AC,CEP290,c.853-12_853-11insG,NM_025114.3,nan,HOMOZYGOTE,1,Assess further,Potential Affected (HOM),
08_23-1776024_CS20230807_v1,12:88084539-88084540 (GRCH38),TA,T,CEP290,c.4704+46delT,NM_025114.3,nan,HOMOZYGOTE,1,Assess further,Potential Affected (COMPHET),
08_23-1776024_CS20230807_v1,12:88129046-88129046 (GRCH38),A,AC,CEP290,c.853-12_853-11insG,NM_025114.3,nan,HOMOZYGOTE,1,Assess further,Potential Affected (COMPHET),
08_23-1776024_CS20230807_v1,12:88084539-88084540 (GRCH38),TA,T,CEP290,c.4704+46delT,NM_025114.3,nan,HOMOZYGOTE,1,Assess further,Potential Couple at Risk,
08_23-1776024_CS20230807_v1,12:88129046-88129046 (GRCH38),A,AC,CEP290,c.853-12_853-11insG,NM_025114.3,nan,HOMOZYGOTE,1,Assess further,Potential Couple at Risk,
09_23-1776031_CS20230807_v1,12:88084539-88084540 (GRCH38),TA,T,CEP290,c.4704+46delT,NM_025114.3,nan,HOMOZYGOTE,1,Assess further,Potential Affected (HOM),
09_23-1776031_CS20230807_v1,12:88129046-88129046 (GRCH38),A,AC,CEP290,c.853-12_853-11insG,NM_025114.3,nan,HOMOZYGOTE,0.997207,Assess further,Potential Affected (HOM),
09_23-1776031_CS20230807_v1,12:88084539-88084540 (GRCH38),TA,T,CEP290,c.4704+46delT,NM_025114.3,nan,HOMOZYGOTE,1,Assess further,Potential Affected (COMPHET),
09_23-1776031_CS20230807_v1,12:88129046-88129046 (GRCH38),A,AC,CEP290,c.853-12_853-11insG,NM_025114.3,nan,HOMOZYGOTE,0.997207,Assess further,Potential Affected (COMPHET),
09_23-1776031_CS20230807_v1,12:88084539-88084540 (GRCH38),TA,T,CEP290,c.4704+46delT,NM_025114.3,nan,HOMOZYGOTE,1,Assess further,Potential Couple at Risk,
09_23-1776031_CS20230807_v1,12:88129046-88129046 (GRCH38),A,AC,CEP290,c.853-12_853-11insG,NM_025114.3,nan,HOMOZYGOTE,0.997207,Assess further,Potential Couple at Risk,
09_23-1776031_CS20230807_v1,7:117548628-117548630 (GRCH38),GTT,G,CFTR,c.1210-7_1210-6del[5T],NM_000492.4,nan,HETEROZYGOTE,0.457064,Pathogenic,Core Gene,
08_23-1776024_CS20230807_v1,3:150972779-150972779 (GRCH38),T,C,CLRN1,c.-71A>G,NM_174878.2,nan,HOMOZYGOTE,0.9975,Assess further,Potential Affected (HOM),
08_23-1776024_CS20230807_v1,3:150972779-150972779 (GRCH38),T,C,CLRN1,c.-71A>G,NM_174878.2,nan,HOMOZYGOTE,0.9975,Assess further,Potential Couple at Risk,
09_23-1776031_CS20230807_v1,3:150972779-150972779 (GRCH38),T,C,CLRN1,c.-71A>G,NM_174878.2,nan,HOMOZYGOTE,1,Assess further,Potential Affected (HOM),
09_23-1776031_CS20230807_v1,3:150972779-150972779 (GRCH38),T,C,CLRN1,c.-71A>G,NM_174878.2,nan,HOMOZYGOTE,1,Assess further,Potential Couple at Risk,
08_23-1776024_CS20230807_v1,11:88300493-88300493 (GRCH38),A,G,CTSC,c.757+37T>C,NM_001814.5,nan,HOMOZYGOTE,0.995,Assess further,Potential Affected (HOM),
08_23-1776024_CS20230807_v1,11:88300493-88300493 (GRCH38),A,G,CTSC,c.757+37T>C,NM_001814.5,nan,HOMOZYGOTE,0.995,Assess further,Potential Couple at Risk,
09_23-1776031_CS20230807_v1,11:88300493-88300493 (GRCH38),A,G,CTSC,c.757+37T>C,NM_001814.5,nan,HETEROZYGOTE,0.4925,Assess further,Potential Couple at Risk,
08_23-1776024_CS20230807_v1,2:38071060-38071060 (GRCH38),G,C,CYP1B1,c.1294C>G,NM_000104.3,p.Leu432Val,HOMOZYGOTE,1,Assess further,Potential Affected (HOM),
08_23-1776024_CS20230807_v1,6:32039081-32039081 (GRCH38),C,A,CYP21A2,c.293-13C>A,NM_000500.7,nan,HOMOZYGOTE,0.984694,Assess further,Potential Affected (HOM),
08_23-1776024_CS20230807_v1,6:32039081-32039081 (GRCH38),C,A,CYP21A2,c.293-13C>A,NM_000500.7,nan,HOMOZYGOTE,0.984694,Assess further,Potential Affected (COMPHET),
08_23-1776024_CS20230807_v1,6:32040421-32040421 (GRCH38),C,T,CYP21A2,c.955C>T,NM_000500.7,p.Gln319Ter,HETEROZYGOTE,0.222892,Pathogenic,Potential Affected (COMPHET),
08_23-1776024_CS20230807_v1,6:32039081-32039081 (GRCH38),C,A,CYP21A2,c.293-13C>A,NM_000500.7,nan,HOMOZYGOTE,0.984694,Assess further,Potential Couple at Risk,
09_23-1776031_CS20230807_v1,6:32039081-32039081 (GRCH38),C,A,CYP21A2,c.293-13C>A,NM_000500.7,nan,HOMOZYGOTE,0.9869,Assess further,Potential Affected (HOM),
09_23-1776031_CS20230807_v1,6:32039081-32039081 (GRCH38),C,A,CYP21A2,c.293-13C>A,NM_000500.7,nan,HOMOZYGOTE,0.9869,Assess further,Potential Couple at Risk,
08_23-1776024_CS20230807_v1,X:154776727-154776727 (GRCH38),G,T,DKC1,g.154776727-154776727,nan,nan,HETEROZYGOTE,0.471698,Assess further,Potential X-linked,
08_23-1776024_CS20230807_v1,7:107919287-107919287 (GRCH38),G,T,DLD,c.*28G>T,NM_000108.4,nan,HOMOZYGOTE,0.9975,Assess further,Potential Affected (HOM),
08_23-1776024_CS20230807_v1,X:31965045-31965045 (GRCH38),C,T,DMD,c.6614+3294G>A,NM_004006.2,nan,HETEROZYGOTE,0.48,Assess further,Potential X-linked,
08_23-1776024_CS20230807_v1,17:74309977-74309979 (GRCH38),CCT,C,DNAI2,c.1348-34_1348-33delTC,NM_023036.4,nan,HOMOZYGOTE,1,Assess further,Potential Affected (HOM),
08_23-1776024_CS20230807_v1,17:74309977-74309979 (GRCH38),CCT,C,DNAI2,c.1348-34_1348-33delTC,NM_023036.4,nan,HOMOZYGOTE,1,Assess further,Potential Couple at Risk,
09_23-1776031_CS20230807_v1,17:74309977-74309979 (GRCH38),CCT,C,DNAI2,c.1348-34_1348-33delTC,NM_023036.4,nan,HOMOZYGOTE,1,Assess further,Potential Affected (HOM),
09_23-1776031_CS20230807_v1,17:74309977-74309979 (GRCH38),CCT,C,DNAI2,c.1348-34_1348-33delTC,NM_023036.4,nan,HOMOZYGOTE,1,Assess further,Potential Couple at Risk,
08_23-1776024_CS20230807_v1,4:3473663-3473663 (GRCH38),G,A,DOK7,c.331+27G>A,NM_173660.4,nan,HETEROZYGOTE,0.522936,Assess further,Potential Affected (COMPHET),
08_23-1776024_CS20230807_v1,4:3492722-3492723 (GRCH38),AC,A,DOK7,c.773-32delC,NM_173660.4,nan,HETEROZYGOTE,0.513854,Assess further,Potential Affected (COMPHET),
08_23-1776024_CS20230807_v1,4:3473663-3473663 (GRCH38),G,A,DOK7,c.331+27G>A,NM_173660.4,nan,HETEROZYGOTE,0.522936,Assess further,Potential Couple at Risk,
09_23-1776031_CS20230807_v1,4:3473663-3473663 (GRCH38),G,A,DOK7,c.331+27G>A,NM_173660.4,nan,HETEROZYGOTE,0.55144,Assess further,Potential Couple at Risk,
08_23-1776024_CS20230807_v1,1:97515686-97515686 (GRCH38),T,C,DPYD,c.1740+40A>G,NM_000110.3,nan,HETEROZYGOTE,0.4825,Assess further,Potential Couple at Risk,
09_23-1776031_CS20230807_v1,1:97515686-97515686 (GRCH38),T,C,DPYD,c.1740+40A>G,NM_000110.3,nan,HETEROZYGOTE,0.5175,Assess further,Potential Couple at Risk,
08_23-1776024_CS20230807_v1,X:70028046-70028048 (GRCH38),CCT,C,EDA,c.706+11_706+12delCT,NM_001399.4,nan,HETEROZYGOTE,0.456693,Assess further,Potential X-linked,
08_23-1776024_CS20230807_v1,10:49483314-49483314 (GRCH38),T,C,ERCC6,c.1992+32A>G,NM_000124.3,nan,HETEROZYGOTE,0.515823,Assess further,Potential Couple at Risk,
09_23-1776031_CS20230807_v1,10:49483314-49483314 (GRCH38),T,C,ERCC6,c.1992+32A>G,NM_000124.3,nan,HOMOZYGOTE,1,Assess further,Potential Affected (HOM),
09_23-1776031_CS20230807_v1,10:49483314-49483314 (GRCH38),T,C,ERCC6,c.1992+32A>G,NM_000124.3,nan,HOMOZYGOTE,1,Assess further,Potential Couple at Risk,
08_23-1776024_CS20230807_v1,4:5615568-5615568 (GRCH38),T,C,EVC2,c.2707-24A>G,NM_147127.4,nan,HETEROZYGOTE,0.4775,Assess further,Potential Couple at Risk,
09_23-1776031_CS20230807_v1,4:5615568-5615568 (GRCH38),T,C,EVC2,c.2707-24A>G,NM_147127.4,nan,HETEROZYGOTE,0.498747,Assess further,Potential Couple at Risk,
08_23-1776024_CS20230807_v1,15:80159926-80159926 (GRCH38),G,A,FAH,c.314+49G>A,NM_000137.2,nan,HOMOZYGOTE,1,Assess further,Potential Affected (HOM),
08_23-1776024_CS20230807_v1,15:80159926-80159926 (GRCH38),G,A,FAH,c.314+49G>A,NM_000137.2,nan,HOMOZYGOTE,1,Assess further,Potential Couple at Risk,
09_23-1776031_CS20230807_v1,15:80159926-80159926 (GRCH38),G,A,FAH,c.314+49G>A,NM_000137.2,nan,HETEROZYGOTE,0.468514,Assess further,Potential Couple at Risk,
08_23-1776024_CS20230807_v1,14:54902784-54902784 (GRCH38),A,G,GCH1,c.-121T>C,NM_000161.2,nan,HOMOZYGOTE,0.988889,Assess further,Potential Affected (HOM),
08_23-1776024_CS20230807_v1,14:54902784-54902784 (GRCH38),A,G,GCH1,c.-121T>C,NM_000161.2,nan,HOMOZYGOTE,0.988889,Assess further,Potential Couple at Risk,
09_23-1776031_CS20230807_v1,14:54902784-54902784 (GRCH38),A,G,GCH1,c.-121T>C,NM_000161.2,nan,HOMOZYGOTE,1,Assess further,Potential Affected (HOM),
09_23-1776031_CS20230807_v1,14:54902784-54902784 (GRCH38),A,G,GCH1,c.-121T>C,NM_000161.2,nan,HOMOZYGOTE,1,Assess further,Potential Couple at Risk,
08_23-1776024_CS20230807_v1,2:26282990-26282990 (GRCH38),A,G,HADHB,c.1014-14A>G,NM_000183.2,nan,HETEROZYGOTE,0.534005,Assess further,Potential Couple at Risk,
09_23-1776031_CS20230807_v1,2:26282990-26282990 (GRCH38),A,G,HADHB,c.1014-14A>G,NM_000183.2,nan,HETEROZYGOTE,0.51,Assess further,Potential Couple at Risk,
08_23-1776024_CS20230807_v1,11:17388025-17388025 (GRCH38),T,C,KCNJ11,c.67A>G,NM_000525.3,p.Lys23Glu,HETEROZYGOTE,0.525641,Assess further,Potential Couple at Risk,
09_23-1776031_CS20230807_v1,11:17388025-17388025 (GRCH38),T,C,KCNJ11,c.67A>G,NM_000525.3,p.Lys23Glu,HETEROZYGOTE,0.480447,Assess further,Potential Couple at Risk,
09_23-1776031_CS20230807_v1,6:129503153-129503153 (GRCH38),G,A,LAMA2,c.8420G>A,ENST00000421865.2,p.Arg2807His,HETEROZYGOTE,0.53,Assess further,Potential Affected (COMPHET),
09_23-1776031_CS20230807_v1,6:129516316-129516316 (GRCH38),G,A,LAMA2,c.9338G>A,ENST00000421865.2,p.Gly3113Asp,HETEROZYGOTE,0.505,Assess further,Potential Affected (COMPHET),
08_23-1776024_CS20230807_v1,19:11128132-11128132 (GRCH38),G,A,LDLR,c.2389+47G>A,NM_000527.4,nan,HETEROZYGOTE,0.548822,Assess further,Potential Additional Finding,
09_23-1776031_CS20230807_v1,19:11116198-11116198 (GRCH38),A,G,LDLR,c.1691A>G,NM_000527.4,p.Asn564Ser,HETEROZYGOTE,0.55443,Likely pathogenic,Potential Additional Finding,
08_23-1776024_CS20230807_v1,6:39925901-39925901 (GRCH38),C,T,MOCS1,g.39925901-39925901,nan,nan,HETEROZYGOTE,0.4825,Assess further,Potential Affected (COMPHET),
08_23-1776024_CS20230807_v1,6:39934461-39934461 (GRCH38),C,T,MOCS1,g.39934461-39934461,nan,nan,HETEROZYGOTE,0.375,Assess further,Potential Affected (COMPHET),
08_23-1776024_CS20230807_v1,1:11796321-11796321 (GRCH38),G,A,MTHFR,c.665C>T,NM_005957.4,p.Ala222Val,HOMOZYGOTE,0.995,Assess further,Potential Affected (HOM),
08_23-1776024_CS20230807_v1,1:11796321-11796321 (GRCH38),G,A,MTHFR,c.665C>T,NM_005957.4,p.Ala222Val,HOMOZYGOTE,0.995,Assess further,Potential Couple at Risk,
09_23-1776031_CS20230807_v1,1:11796321-11796321 (GRCH38),G,A,MTHFR,c.665C>T,NM_005957.4,p.Ala222Val,HOMOZYGOTE,0.995,Assess further,Potential Affected (HOM),
09_23-1776031_CS20230807_v1,1:11796321-11796321 (GRCH38),G,A,MTHFR,c.665C>T,NM_005957.4,p.Ala222Val,HOMOZYGOTE,0.995,Assess further,Potential Couple at Risk,
08_23-1776024_CS20230807_v1,17:18118751-18133455 (GRCH38),-,<CNV>,MYO15A,g.18118751-18133455 LOSS,nan,nan,nan,36,Likely pathogenic,Potential Affected (COMPHET),
08_23-1776024_CS20230807_v1,17:18155154-18155154 (GRCH38),G,A,MYO15A,c.8269G>A,NM_016239.3,p.Val2757Met,HETEROZYGOTE,0.461153,Assess further,Potential Affected (COMPHET),
09_23-1776031_CS20230807_v1,11:77190578-77190578 (GRCH38),T,TGCTGGGGCCTGGAGC,MYO7A,g.77190578_77190579insGCTGGGGCCTGGAGC,NC_000011.10,nan,HETEROZYGOTE,0.346667,Assess further,Potential Affected (COMPHET),
09_23-1776031_CS20230807_v1,11:77190603-77190603 (GRCH38),C,G,MYO7A,g.77190603C>G,NC_000011.10,nan,HETEROZYGOTE,0.418605,Assess further,Potential Affected (COMPHET),
08_23-1776024_CS20230807_v1,2:151695548-151695548 (GRCH38),A,C,NEB,c.1674+30T>G,NM_001271208.1,nan,HOMOZYGOTE,1,Assess further,Potential Affected (HOM),
08_23-1776024_CS20230807_v1,2:151538020-151538020 (GRCH38),T,G,NEB,c.20998-44A>C,NM_001271208.1,nan,HETEROZYGOTE,0.492401,Assess further,Potential Affected (COMPHET),
08_23-1776024_CS20230807_v1,2:151547780-151547780 (GRCH38),C,T,NEB,c.20158-42G>A,NM_001271208.1,nan,HETEROZYGOTE,0.466165,Assess further,Potential Affected (COMPHET),
08_23-1776024_CS20230807_v1,2:151579326-151579326 (GRCH38),C,G,NEB,c.16704+12G>C,NM_001271208.1,nan,HETEROZYGOTE,0.297945,Assess further,Potential Affected (COMPHET),
08_23-1776024_CS20230807_v1,2:151619424-151619424 (GRCH38),T,G,NEB,c.10872+27A>C,NM_001271208.1,nan,HETEROZYGOTE,0.54,Assess further,Potential Affected (COMPHET),
08_23-1776024_CS20230807_v1,2:151695548-151695548 (GRCH38),A,C,NEB,c.1674+30T>G,NM_001271208.1,nan,HOMOZYGOTE,1,Assess further,Potential Affected (COMPHET),
08_23-1776024_CS20230807_v1,2:151547780-151547780 (GRCH38),C,T,NEB,c.20158-42G>A,NM_001271208.1,nan,HETEROZYGOTE,0.466165,Assess further,Potential Couple at Risk,
08_23-1776024_CS20230807_v1,2:151579326-151579326 (GRCH38),C,G,NEB,c.16704+12G>C,NM_001271208.1,nan,HETEROZYGOTE,0.297945,Assess further,Potential Couple at Risk,
08_23-1776024_CS20230807_v1,2:151695548-151695548 (GRCH38),A,C,NEB,c.1674+30T>G,NM_001271208.1,nan,HOMOZYGOTE,1,Assess further,Potential Couple at Risk,
09_23-1776031_CS20230807_v1,2:151695548-151695548 (GRCH38),A,C,NEB,c.1674+30T>G,NM_001271208.1,nan,HOMOZYGOTE,1,Assess further,Potential Affected (HOM),
09_23-1776031_CS20230807_v1,2:151514077-151514080 (GRCH38),AAAT,A,NEB,g.151514077-151514080,nan,nan,HETEROZYGOTE,0.521008,Assess further,Potential Affected (COMPHET),
09_23-1776031_CS20230807_v1,2:151547780-151547780 (GRCH38),C,T,NEB,c.20158-42G>A,NM_001271208.1,nan,HETEROZYGOTE,0.481203,Assess further,Potential Affected (COMPHET),
09_23-1776031_CS20230807_v1,2:151552815-151552815 (GRCH38),C,G,NEB,c.19732-39G>C,NM_001271208.1,nan,HETEROZYGOTE,0.551095,Assess further,Potential Affected (COMPHET),
09_23-1776031_CS20230807_v1,2:151560550-151560550 (GRCH38),G,A,NEB,c.19314+42C>T,NM_001271208.1,nan,HETEROZYGOTE,0.705,Assess further,Potential Affected (COMPHET),
09_23-1776031_CS20230807_v1,2:151579326-151579326 (GRCH38),C,G,NEB,c.16704+12G>C,NM_001271208.1,nan,HETEROZYGOTE,0.329073,Assess further,Potential Affected (COMPHET),
09_23-1776031_CS20230807_v1,2:151695548-151695548 (GRCH38),A,C,NEB,c.1674+30T>G,NM_001271208.1,nan,HOMOZYGOTE,1,Assess further,Potential Affected (COMPHET),
09_23-1776031_CS20230807_v1,2:151547780-151547780 (GRCH38),C,T,NEB,c.20158-42G>A,NM_001271208.1,nan,HETEROZYGOTE,0.481203,Assess further,Potential Couple at Risk,
09_23-1776031_CS20230807_v1,2:151579326-151579326 (GRCH38),C,G,NEB,c.16704+12G>C,NM_001271208.1,nan,HETEROZYGOTE,0.329073,Assess further,Potential Couple at Risk,
09_23-1776031_CS20230807_v1,2:151695548-151695548 (GRCH38),A,C,NEB,c.1674+30T>G,NM_001271208.1,nan,HOMOZYGOTE,1,Assess further,Potential Couple at Risk,
08_23-1776024_CS20230807_v1,19:33387292-33387292 (GRCH38),A,G,PEPD,c.*52T>C,NM_000285.3,nan,HETEROZYGOTE,0.501433,Assess further,Potential Couple at Risk,
09_23-1776031_CS20230807_v1,19:33387292-33387292 (GRCH38),A,G,PEPD,c.*52T>C,NM_000285.3,nan,HETEROZYGOTE,0.513966,Assess further,Potential Couple at Risk,
08_23-1776024_CS20230807_v1,15:89319110-89319110 (GRCH38),A,G,POLG,c.3105-11T>C,NM_002693.2,nan,HETEROZYGOTE,0.534125,Assess further,Potential Couple at Risk,
09_23-1776031_CS20230807_v1,15:89319110-89319110 (GRCH38),A,G,POLG,c.3105-11T>C,NM_002693.2,nan,HETEROZYGOTE,0.495468,Assess further,Potential Couple at Risk,
09_23-1776031_CS20230807_v1,10:71819125-71819125 (GRCH38),T,C,PSAP,c.1351-14A>G,NM_002778.3,nan,HETEROZYGOTE,0.546366,Assess further,Potential Affected (COMPHET),
09_23-1776031_CS20230807_v1,10:71819460-71819460 (GRCH38),C,T,PSAP,c.1350+5G>A,NM_002778.3,nan,HETEROZYGOTE,0.4675,Assess further,Potential Affected (COMPHET),
08_23-1776024_CS20230807_v1,11:47441931-47441932 (GRCH38),AG,A,RAPSN,c.691-11delC,NM_005055.4,nan,HETEROZYGOTE,0.540426,Assess further,Potential Couple at Risk,
09_23-1776031_CS20230807_v1,11:47441931-47441932 (GRCH38),AG,A,RAPSN,c.691-11delC,NM_005055.4,nan,HOMOZYGOTE,1,Assess further,Potential Affected (HOM),
09_23-1776031_CS20230807_v1,11:47441931-47441932 (GRCH38),AG,A,RAPSN,c.691-11delC,NM_005055.4,nan,HOMOZYGOTE,1,Assess further,Potential Couple at Risk,
08_23-1776024_CS20230807_v1,X:153693870-153693870 (GRCH38),G,A,SLC6A8,g.153693870-153693870,nan,nan,HETEROZYGOTE,0.41791,Assess further,Potential X-linked,
08_23-1776024_CS20230807_v1,5:70952281-70952282 (GRCH38),C,CA,SMN1,c.*290_*291insA,ENST00000503079.6,nan,HETEROZYGOTE,0.482014,Assess further,Core Gene,
08_23-1776024_CS20230807_v1,14:102432053-102432053 (GRCH38),A,G,TECPR2,c.1342A>G,ENST00000359520.12,p.Ser448Gly,HETEROZYGOTE,0.535,Assess further,Potential Affected (COMPHET),
08_23-1776024_CS20230807_v1,14:102432105-102432105 (GRCH38),G,GGAA,TECPR2,c.1412_1414dupAGA,NM_014844.3,p.Lys471_Thr472insLys,HETEROZYGOTE,0.527027,Assess further,Potential Affected (COMPHET),
08_23-1776024_CS20230807_v1,11:61398259-61398259 (GRCH38),C,CA,TMEM216,c.432-11_432-10insA,NM_001173990.2,nan,HETEROZYGOTE,0.485246,Assess further,Potential Couple at Risk,
09_23-1776031_CS20230807_v1,11:61398259-61398259 (GRCH38),C,CA,TMEM216,c.432-11_432-10insA,NM_001173990.2,nan,HOMOZYGOTE,0.997283,Assess further,Potential Affected (HOM),
09_23-1776031_CS20230807_v1,11:61398259-61398259 (GRCH38),C,CA,TMEM216,c.432-11_432-10insA,NM_001173990.2,nan,HOMOZYGOTE,0.997283,Assess further,Potential Couple at Risk,
08_23-1776024_CS20230807_v1,2:1542555-1542555 (GRCH38),C,G,TPO,c.*81C>G,NM_000547.5,nan,HOMOZYGOTE,0.997245,Assess further,Potential Affected (HOM),
08_23-1776024_CS20230807_v1,2:1542555-1542555 (GRCH38),C,G,TPO,c.*81C>G,NM_000547.5,nan,HOMOZYGOTE,0.997245,Assess further,Potential Couple at Risk,
09_23-1776031_CS20230807_v1,2:1542555-1542555 (GRCH38),C,G,TPO,c.*81C>G,NM_000547.5,nan,HETEROZYGOTE,0.49,Assess further,Potential Couple at Risk,
09_23-1776031_CS20230807_v1,5:95503824-95503824 (GRCH38),C,G,TTC37,c.3207G>C,NM_014639.3,p.Glu1069Asp,HETEROZYGOTE,0.416974,Assess further,Potential Affected (COMPHET),
09_23-1776031_CS20230807_v1,5:95507012-95507012 (GRCH38),C,T,TTC37,c.3015-1G>A,ENST00000358746.6,nan,HETEROZYGOTE,0.501931,Suspected pathogenic,Potential Affected (COMPHET),
09_23-1776031_CS20230807_v1,2:178567761-178567761 (GRCH38),A,T,TTN,c.70667T>A,NM_133378.4,p.Ile23556Asn,HETEROZYGOTE,0.472222,Assess further,Potential Additional Finding,
08_23-1776024_CS20230807_v1,11:17526854-17526855 (GRCH38),CG,C,USH1C,c.522-45delC,NM_153676.3,nan,HETEROZYGOTE,0.447761,Assess further,Potential Couple at Risk,
09_23-1776031_CS20230807_v1,11:17526854-17526855 (GRCH38),CG,C,USH1C,c.522-45delC,NM_153676.3,nan,HETEROZYGOTE,0.373913,Assess further,Potential Couple at Risk,
08_23-1776024_CS20230807_v1,12:6034818-6034818 (GRCH38),T,C,VWF,c.2555A>G,ENST00000261405.9,p.Gln852Arg,HOMOZYGOTE,1,Assess further,Potential Affected (HOM),
08_23-1776024_CS20230807_v1,12:6034818-6034818 (GRCH38),T,C,VWF,c.2555A>G,ENST00000261405.9,p.Gln852Arg,HOMOZYGOTE,1,Assess further,Potential Couple at Risk,
09_23-1776031_CS20230807_v1,12:6034818-6034818 (GRCH38),T,C,VWF,c.2555A>G,ENST00000261405.9,p.Gln852Arg,HOMOZYGOTE,0.9975,Assess further,Potential Affected (HOM),
09_23-1776031_CS20230807_v1,12:6034818-6034818 (GRCH38),T,C,VWF,c.2555A>G,ENST00000261405.9,p.Gln852Arg,HOMOZYGOTE,0.9975,Assess further,Potential Couple at Risk,
09_23-1776031_CS20230807_v1,14:67753782-67753782 (GRCH38),A,AATC,ZFYVE26,c.7129-17_7129-16insGAT,NM_015346.3,nan,HETEROZYGOTE,0.473846,Assess further,Potential Affected (COMPHET),
09_23-1776031_CS20230807_v1,14:67790549-67790549 (GRCH38),T,C,ZFYVE26,g.67790549-67790549,nan,nan,HETEROZYGOTE,0.515,Assess further,Potential Affected (COMPHET),
